{"radius error": 2.38148938908605e-16, "texture error": 7.242070191401021e-16, "perimeter error": 2.1326042275217293e-16, "area error": 1.2688263138573217e-17, "smoothness error": -1.9910812925145665e-16, "compactness error": 3.123264772571869e-17, "concavity error": 4.0504840019291423e-17, "concave points error": 2.7718974856575337e-16, "symmetry error": 4.4896931105720617e-17, "fractal dimension error": 4.6848971588578034e-17, "worst radius": -4.314009467114894e-16, "worst texture": -3.982162585029133e-16, "worst perimeter": 2.5181322228860693e-16, "worst area": 8.58897812457264e-17, "worst smoothness": -1.8739588635431214e-16, "worst compactness": -2.264366960114605e-16, "worst concavity": 5.856121448572254e-17, "worst concave points": -2.264366960114605e-16, "worst symmetry": -9.369794317715607e-17, "worst fractal dimension": 3.123264772571869e-17}